Parameter,S1,S1_conf,ST,ST_conf
n_tribes,0.08093911031329032,0.07227689272012658,0.7137350567361634,0.12831943587617392
n_heaps,0.06113833761377043,0.07748690247997858,0.753116762770096,0.12162251207329045
vision_radius,-0.04496713089603825,0.07046156702742434,0.7017788562508805,0.12195850175393178
trade_percentage,-0.060132144790049635,0.06176732514349848,0.6058292537917987,0.0981711397637955
spice_movement_bias,-0.03882485361731876,0.07489921949985369,0.6434124866905356,0.10562031625280226
tribe_movement_bias,0.00796364604097323,0.06553679220467613,0.6442626107970314,0.11184947455665145
spice_threshold,0.016547009486241344,0.06386820523917822,0.5972883047972649,0.09123040918678643
