Parameter,S1,S1_conf,ST,ST_conf
n_tribes,-0.06961081863414728,0.1605067458212609,0.640703034543892,0.7508635229583155
n_heaps,0.3615651179562023,0.5903991981119241,0.3823366159003498,0.3876427089885704
vision_radius,0.0,0.0,0.0,0.0
trade_percentage,0.0,0.0,0.0,0.0
spice_movement_bias,0.0,0.0,0.0,0.0
tribe_movement_bias,0.0,0.0,0.0,0.0
spice_threshold,0.0,0.0,0.0,0.0
