Parameter,S1,S1_conf,ST,ST_conf
n_tribes,-0.005149882322250384,546.7624250060264,2.3668817409430445,1218.7678077790365
n_heaps,0.3041837012495903,130.09477598137488,1.336044700240328,100.14489076450216
vision_radius,0.0,0.0,0.0,0.0
trade_percentage,0.0,0.0,0.0,0.0
spice_movement_bias,-0.03889196825820264,39.80545859381641,0.006426924590035082,6.577879498301455
tribe_movement_bias,-0.03316860833967386,33.94766901777828,0.004674529008399627,4.784323839156712
spice_threshold,-0.009138010615964368,9.352643218999546,0.00035480250338105964,0.3631360661295023
