Parameter,S1,S1_conf,ST,ST_conf
n_tribes,-0.06961081863414728,0.21141104485911547,0.640703034543892,1.0664428507531192
n_heaps,0.3615651179562023,0.6147380580998782,0.3823366159003498,0.38216886661873084
vision_radius,0.0,0.0,0.0,0.0
trade_percentage,0.0,0.0,0.0,0.0
spice_movement_bias,0.0,0.0,0.0,0.0
tribe_movement_bias,0.0,0.0,0.0,0.0
spice_threshold,0.0,0.0,0.0,0.0
