Parameter,S1,S1_conf,ST,ST_conf
n_tribes,-0.06961081863414728,0.18589283234036003,0.640703034543892,1.1124478132365547
n_heaps,0.3615651179562023,0.6289492250366365,0.3823366159003498,0.4453464230234936
vision_radius,0.0,0.0,0.0,0.0
trade_percentage,0.0,0.0,0.0,0.0
spice_movement_bias,0.0,0.0,0.0,0.0
tribe_movement_bias,0.0,0.0,0.0,0.0
spice_threshold,0.0,0.0,0.0,0.0
